{
  "project_info": {
    "project_number": "155278902464",
    "project_id": "buynothingapp-a3393",
    "storage_bucket": "buynothingapp-a3393.appspot.com"
  },
  "client": [
    {
      "client_info": {
        "mobilesdk_app_id": "1:155278902464:android:693e4936484451e7051925",
        "android_client_info": {
          "package_name": "com.baseprojectsrl.baseproject"
        }
      },
      "oauth_client": [],
      "api_key": [
        {
          "current_key": "AIzaSyBTWC7pOhjcBrMS7Og_PkiDcQXsGs1D12A"
        }
      ],
      "services": {
        "appinvite_service": {
          "other_platform_oauth_client": []
        }
      }
    },
    {
      "client_info": {
        "mobilesdk_app_id": "1:155278902464:android:47b4af8327a586ee051925",
        "android_client_info": {
          "package_name": "my.buynothing.network"
        }
      },
      "oauth_client": [],
      "api_key": [
        {
          "current_key": "AIzaSyBTWC7pOhjcBrMS7Og_PkiDcQXsGs1D12A"
        }
      ],
      "services": {
        "appinvite_service": {
          "other_platform_oauth_client": []
        }
      }
    }
  ],
  "configuration_version": "1"
}